candidate_level,candidate_score,股票代號,股票名稱,市場,收盤價,MA20,是否站上 MA20,K 值,D 值,RSI,Volume_MA5,Volume_MA20,Volume_MA40,放量倍數,MACD_DIF,MACD_Signal,MACD_Histogram,MACD_Histogram_前1日,MACD_Histogram_前2日,MACD_綠柱趨緩接近翻紅,是否符合 KD 區間,是否符合 RSI 區間,是否明顯放量,MACD 是否綠柱趨緩接近翻紅,法人近 5 日是否合計買超,投信近 5 日是否買超,外資近 1 日買賣超張數,投信近 1 日買賣超張數,自營商近 1 日買賣超張數,三大法人近 1 日合計買賣超張數,外資近 5 日買賣超張數,投信近 5 日買賣超張數,自營商近 5 日買賣超張數,三大法人近 5 日合計買賣超張數,外資近 20 日買賣超張數,投信近 20 日買賣超張數,自營商近 20 日買賣超張數,三大法人近 20 日合計買賣超張數,最後更新日期
接近,80,6794,向榮生技,上市,72.0,74.96500015258789,False,36.274589970767906,42.12082820559151,42.760402261188624,125414.4,46713.65,44531.85,2.684748462173262,-0.4333834654288182,-0.2967609485635645,-0.13662251686525373,0.029505899573102123,0.13299924875183444,否,是,是,是,否,是,否,-1.0,0.0,0.0,-1.0,59.0,0.0,0.0,59.0,77.0,0.0,2.0,79.0,2026-10-07
接近,80,7732,金興精密,上市,33.54999923706055,33.81500015258789,False,46.935336105576816,42.22081837754151,46.28487785224028,18400.0,8500.0,17451.075,2.164705882352941,-0.3391721123913811,-0.3014912368562144,-0.03768087553516675,-0.07877633898854247,-0.12332374788363304,是,是,是,否,是,是,否,-1.0,0.0,0.0,-1.0,5.0,0.0,0.0,5.0,2.0,0.0,2.0,4.0,2026-10-07
符合,80,8101,華冠,上市,10.199999809265137,11.43250002861023,False,40.963401806595336,36.46970046861549,36.95992248001282,16715.8,7780.35,12137.475,2.1484637580571566,-0.4192299397869128,-0.32277568487980424,-0.09645425490710857,-0.07110456988531622,-0.06109652670874066,否,是,是,是,否,是,否,0.0,0.0,0.225,0.225,0.0,0.0,0.225,0.225,0.0,0.0,0.225,0.225,2026-10-07
接近,80,3168,眾福科,上市,42.20000076293945,42.64750003814697,False,33.78764027466811,40.96012832141309,45.488551059560194,21200.2,13151.3,13854.275,1.6120231460007757,0.009890433805651355,0.04973879371117093,-0.039848359905519576,-0.014651420434940651,0.005542452167479853,否,是,是,是,否,是,否,0.0,0.0,0.0,0.0,12.0,0.0,0.0,12.0,12.0,0.005,2.0,14.004999999999999,2026-10-07
接近,80,3557,嘉威,上市,23.649999618530273,23.35999984741211,True,47.47708668124848,49.70872979143071,48.68363086183568,80419.4,51040.5,40034.125,1.5755997688110421,-0.1637627258891463,-0.32352797197672845,0.15976524608758214,0.17312565424441217,0.1852488039359867,否,是,是,是,否,是,否,-1.0,0.0,0.0,-1.0,50.051,0.0,1.0,51.051,103.15,0.0,0.0,103.15,2026-10-07
符合,70,1467,南緯,上市,8.210000038146973,8.103499960899352,True,46.21977898022163,45.36872431806854,49.65275989398086,672300.2,266832.85,265943.575,2.519555594447985,-0.0714324942909812,-0.1160784624651062,0.044645968174125,0.04345950770641824,0.06116435381077001,否,是,是,是,否,否,否,-15.652,0.0,0.0,-15.652,-148.965,0.0,-23.003999999999998,-171.96900000000002,-31.965000000000003,0.0,-47.004000000000005,-78.96900000000001,2026-10-07
接近,70,4192,杏國,上櫃,17.799999237060547,18.432499885559082,False,32.04353913747607,42.15960205914143,40.77794982592559,29803.6,13326.0,12890.775,2.2365000750412727,-0.306621708968251,-0.2519882179144679,-0.05463349105378312,-0.05038373769352522,-0.005377543976926857,否,是,是,是,否,否,否,0.0,0.0,0.0,0.0,0.0,0.0,0.0,0.0,0.0,0.0,0.0,0.0,2026-10-07
符合,70,6597,立誠,上櫃,64.80000305175781,68.85499992370606,False,36.627619445013835,34.361533740439704,37.398252830080246,15800.0,7800.0,8125.275,2.0256410256410255,-1.642209324374349,-0.9686523359452234,-0.6735569884291256,-0.7872966475756538,-0.9014579474895981,否,是,是,是,否,否,否,0.0,0.0,0.0,0.0,0.0,0.0,0.0,0.0,0.0,0.0,0.0,0.0,2026-10-07
接近,70,7689,大鵬科CLMX,上市,157.5,159.325,False,35.50318527300435,43.93186811511078,36.98643221766449,117099.4,60280.1,72205.875,1.942588018268052,-3.6012316034741616,-4.628248450415613,1.0270168469414518,1.2652201800962315,1.4577716671073535,否,是,是,是,否,否,否,-26.01,0.0,0.0,-26.01,-61.597,0.0,1.0,-60.597,-1.1049999999999986,0.008,5.0,3.903000000000011,2026-10-07
符合,70,8024,佑華,上櫃,12.199999809265137,12.6875,False,47.063775188950785,46.87078826154868,37.891337833816806,117814.0,64368.65,51158.75,1.8303009306549072,-0.2768509042429379,-0.27836483994477235,0.0015139357018344457,0.011794014291091448,0.010899835339814035,否,是,是,是,否,否,否,0.0,0.0,0.0,0.0,0.0,0.0,0.0,0.0,0.0,0.0,0.0,0.0,2026-10-07
接近,70,1806,冠軍,上市,7.960000038146973,7.973999977111816,False,38.548761653722835,34.59805708891821,47.47697880524189,230892.6,126262.05,180666.3,1.8286777380851966,-0.034025006562816706,-0.02831199864395233,-0.005713007918864376,-0.011635434646744186,-0.008520201937368375,否,是,是,否,否,是,否,86.891,0.0,-1.0,85.891,7.000000000000007,0.0,-1.0,6.000000000000007,180.067,0.0,24.0,204.067,2026-10-07
接近,70,4994,傳奇,上市,82.0,82.04500045776368,False,39.557284206817314,40.82403054024687,47.52524818348304,33051.2,18743.3,16637.075,1.7633607742499986,-0.7994413276186947,-0.889547091462778,0.09010576384408331,0.01824519419136028,0.09860852210909654,否,是,是,是,否,否,否,-3.0,0.0,0.0,-3.0,-57.6,0.0,-0.006,-57.606,-80.41,0.0,5.997,-74.413,2026-10-07
符合,70,8087,麗升能源,上櫃,23.5,24.3,False,38.531360231370925,35.23258283659647,40.65829851522468,56400.0,32419.95,27396.375,1.7396695553201038,-0.8396146318387494,-0.8958913580029801,0.05627672616423074,0.03776360457502648,0.048849516550960814,否,是,是,是,否,否,否,0.0,0.0,0.0,0.0,0.0,0.0,0.0,0.0,0.0,0.0,0.0,0.0,2026-10-07
符合,70,4440,宜新實業,上市,17.450000762939453,17.532499980926513,False,40.67842568070256,39.043494569371234,47.93289334437646,63922.8,36750.1,46296.375,1.739391185330108,-0.05083599773273306,-0.02747666906739614,-0.023359328665336923,-0.031307771863361956,-0.00032853778359127027,否,是,是,是,否,否,否,-16.0,0.0,-11.0,-27.0,-79.4,0.0,-32.0,-111.4,-89.4,0.0,-103.188,-192.588,2026-10-07
接近,70,7631,聚賢研發-創,上市,140.5,139.55,True,30.713765897833206,39.71012775518009,49.27304078421517,124455.2,73122.55,83388.175,1.7020084775489912,-0.03087727350563796,-0.46168625100495586,0.4308089774993179,0.5676797119608797,0.6450359132387492,否,是,是,是,否,否,否,2.98,0.0,0.9,3.88,-39.088,0.0,11.061,-28.027000000000005,-26.772000000000006,0.0,-8.421999999999995,-35.194,2026-10-07
接近,70,2024,志聯,上市,12.75,13.002499914169311,False,32.63290107203433,41.62005339220724,40.032327687285644,18626.6,11285.8,13189.7,1.6504456928175228,-0.0849758774411633,-0.10046920340553223,0.01549332596436892,0.03805155417865143,0.046922852442267224,否,是,是,是,否,否,否,-5.0,0.0,2.0,-3.0,-17.0,0.0,3.0,-14.0,-19.0,0.0,4.0,-15.0,2026-10-07
接近,70,1781,合世,上櫃,9.930000305175781,10.05799994468689,False,37.81956575811842,39.07818674001062,34.80148482739274,23012.8,14359.1,17473.275,1.6026631195548466,-0.18442211058833635,-0.20682465265047797,0.022402542062141623,0.021282187732282437,0.015713739495558016,否,是,是,是,否,否,否,0.0,0.0,0.0,0.0,0.0,0.0,0.0,0.0,0.0,0.0,0.0,0.0,2026-10-07
符合,70,6754,匯僑設計,上市,40.5,41.67249984741211,False,45.2449954169259,43.939886608051424,39.45780370741554,26536.0,16591.85,12423.175,1.5993394347224692,-0.2485722456074626,-0.16630079782455925,-0.08227144778290335,-0.034610977379990415,-0.08082910242531693,否,是,是,是,否,否,否,6.0,0.0,0.0,6.0,-42.0,0.0,0.0,-42.0,-42.758,0.0,2.0,-40.758,2026-10-07
接近,70,4131,浩泰,上櫃,30.700000762939453,31.27750015258789,False,38.92482601008758,44.58052222907364,42.530119986893084,28608.6,18167.4,19584.9,1.5747217543512002,-0.25870824078582544,-0.20284504400282122,-0.05586319678300422,-0.05332386956829052,-0.03188348238317501,否,是,是,是,否,否,否,0.0,0.0,0.0,0.0,0.0,0.0,0.0,0.0,0.0,0.0,0.0,0.0,2026-10-07
符合,70,7753,星亞,上櫃,35.5,35.820000076293944,False,44.641150809302644,42.183516208687294,37.72235392323162,26400.0,16779.45,17455.25,1.5733531194407444,-0.402191933564751,-0.4852487657628003,0.08305683219804927,0.09151732938325263,0.08435796610012714,否,是,是,是,否,否,否,0.0,0.0,0.0,0.0,0.0,0.0,0.0,0.0,0.0,0.0,0.0,0.0,2026-10-07
接近,60,2321,東訊,上市,25.5,26.05121068954468,False,56.58863103730238,44.80951774002315,48.749757367090524,14738.8,5727.5,5917.8,2.573339153208206,-0.5116418205689683,-0.4948535498184822,-0.016788270750486167,-0.06600278128969211,-0.1318652416565636,是,否,是,是,是,否,否,0.0,0.0,0.0,0.0,0.0,0.0,0.0,0.0,0.0,0.0,0.0,0.0,2026-10-07
接近,60,9103,美德醫療-DR,上市,5.349999904632568,5.003499984741211,True,47.213738290615254,30.381341633963395,69.08501392710977,1985580.0,831224.35,735635.5,2.3887413789069103,-0.0035198604710782178,-0.03614441578015793,0.03262455530907971,0.008787467128001575,-0.0018431965047995894,否,是,否,是,否,是,否,690.0,0.0,304.496,994.496,117.0,0.0,297.50699999999995,414.50699999999995,-845.0,0.0,291.357,-553.643,2026-10-07
接近,60,6918,愛派司,上市,73.69999694824219,74.47999992370606,False,26.487757228066087,26.644998954392896,44.048320939383274,80800.0,39466.1,36634.3,2.0473266930352887,-0.2954752694853511,-0.14853342218023358,-0.1469418473051175,-0.15859067557512638,-0.19283151729529235,否,否,是,是,否,是,否,14.0,0.0,-1.0,13.0,18.0,0.0,-1.0,17.0,-36.0,0.0,1.0,-35.0,2026-10-07
接近,60,6496,科懋,上櫃,23.850000381469727,24.1625,False,59.528728907333964,53.8918834542972,45.27629653633497,46261.0,24582.05,16064.95,1.881901631474999,-0.17030504673371638,-0.16428591358580183,-0.0060191331479145516,-0.008023055621284969,-0.018363335133499914,是,否,是,是,是,否,否,0.0,0.0,0.0,0.0,0.0,0.0,0.0,0.0,0.0,0.0,0.0,0.0,2026-10-07
接近,60,1474,弘裕,上市,10.0,9.97849998474121,True,61.20985894707036,49.410989796332366,49.838217284677924,209909.2,114787.7,87152.75,1.8286732811965047,-0.00869769502007145,-0.015743139064968197,0.0070454440448967474,0.007834786180479468,0.010729893807837187,否,否,是,是,否,是,否,4.0,0.0,1.0,5.0,57.0,0.0,-1.0,56.0,-93.0,0.0,7.0,-86.0,2026-10-07
接近,60,8487,愛爾達-創,上市,70.0,70.60500030517578,False,13.174224103167447,20.44997283137833,42.851982015970414,15817.2,8759.55,11298.575,1.805709197390277,-0.42826786254933324,-0.4360681794545989,0.0078003169052656696,0.015867432603417053,0.033782229321271284,否,否,是,是,否,是,否,1.0,0.0,-0.001,0.999,5.0,0.0,-0.030000000000000023,4.97,3.0,0.0,-4.585999999999999,-1.585999999999999,2026-10-07
接近,60,6722,輝創,上市,33.0,32.63750019073486,True,48.64556087196888,48.543212341197766,55.25021623690242,50281.4,30374.9,27013.825,1.655360182255744,-0.007267699137671002,-0.08675918256605565,0.07949148342838465,0.0718893034091262,0.05020799109689858,否,是,否,是,否,是,否,1.0,0.0,0.0,1.0,6.0,0.0,0.0,6.0,-10.0,0.008,2.0,-7.992000000000001,2026-10-07
接近,60,2911,麗嬰房,上市,5.920000076293945,6.197000026702881,False,14.530665763727935,12.560662350588952,33.336129909819874,137667.8,86472.9,97523.175,1.5920340360968581,-0.1752938918214939,-0.1620381331787613,-0.013255758642732596,-0.01568285370377892,-0.0016802692935175834,否,否,是,是,否,是,否,24.0,0.0,0.0,24.0,26.0,0.0,0.0,26.0,-45.222,0.0,2.0,-43.222,2026-10-07
接近,60,5345,馥鴻,上櫃,21.75,21.61999979019165,True,48.741343360481714,49.99615381477288,48.62606934273066,18209.0,11542.1,14512.525,1.5776158584659636,-0.1289963398522893,-0.16550147163304862,0.036505131780759315,0.02334408944201563,0.03857027240992578,否,是,是,否,否,否,否,0.0,0.0,0.0,0.0,0.0,0.0,0.0,0.0,0.0,0.0,0.0,0.0,2026-10-07
接近,60,7780,大研生醫*,上市,16.149999618530273,16.19999976158142,False,42.435815451979884,29.94678008468912,45.33514913845752,1140506.2,725159.95,739602.4,1.5727650154976154,-0.19192846727994706,-0.1947733738985653,0.002844906618618248,-0.016447286903096464,-0.012462724244820561,否,否,是,是,否,是,否,369.657,0.0,-36.665,332.99199999999996,524.761,-322.5,-62.20700000000001,140.05400000000006,861.877,-705.0,-97.041,59.83599999999996,2026-10-07
接近,60,6965,中傑-KY,上市,62.900001525878906,67.46499996185302,False,17.629564369853533,13.299293365597027,32.417439274506606,97647.0,62264.95,42396.75,1.5682498741266155,-3.291548053455216,-2.7272595580162475,-0.5642884954389684,-0.8039342646658358,-0.8472406573026743,否,否,是,是,否,是,否,3.0,0.0,0.0,3.0,39.0,0.0,-2.0,37.0,55.0,0.0,4.0,59.0,2026-10-07
接近,60,4555,氣立,上市,42.25,42.27250022888184,False,42.98075339977012,38.06541223318226,43.81284228918245,195830.0,128315.9,164108.85,1.5261553712361446,-0.8037956312480645,-0.9485163850324099,0.14472075378434535,0.12315534001467832,0.052043868951140215,否,是,是,否,否,否,否,2.077,0.0,0.142,2.219,-207.411,0.0,2.1799999999999997,-205.231,-309.469,0.0,3.6269999999999993,-305.84200000000004,2026-10-07
接近,60,3150,鈺寶-創,上市,15.050000190734863,15.44500002861023,False,32.75305572765712,42.12422056558699,36.76581433885834,60800.0,42702.55,34077.525,1.4238025598002928,-0.33228474077584025,-0.358843948638866,0.026559207863025736,0.041473097420218596,0.05184231009703305,否,是,是,否,否,是,否,-8.0,0.0,-2.0,-10.0,-6.0,0.0,19.15,13.15,-41.0,0.0,-26.680000000000003,-67.68,2026-10-07
接近,60,4102,永日,上櫃,18.649999618530273,18.635000133514403,True,49.37784789298608,35.631564492782324,48.512638061981534,33523.2,25673.75,23162.775,1.3057383514289886,-0.20265737492239566,-0.19372689161465878,-0.00893048330773688,-0.041987303250906605,-0.04770368642653097,是,是,是,否,是,否,否,0.0,0.0,0.0,0.0,0.0,0.0,0.0,0.0,0.0,0.0,0.0,0.0,2026-10-07
接近,60,4106,雃博,上市,24.25,24.33499994277954,False,44.86430103640768,42.57659055594667,46.74486624787305,124825.0,104918.7,119187.2,1.1897307153062324,-0.06996181312738514,-0.05297990714397503,-0.01698190598341011,-0.025521766511526198,-0.031212482208468006,是,是,是,否,是,是,否,27.0,0.0,0.0,27.0,77.0,0.0,-0.486,76.51400000000001,94.0,0.0,8.103000000000005,102.10300000000001,2026-10-07
接近,50,1240,茂生農經,上櫃,53.900001525878906,54.8,False,28.095182356393096,25.983073499900804,41.12960189383727,34438.4,14177.2,15964.275,2.42913974550687,-0.16913447117931923,0.017522647399770254,-0.18665711857908948,-0.20277957089902263,-0.21247609283673446,否,否,是,是,否,否,否,0.0,0.0,0.0,0.0,0.0,0.0,0.0,0.0,0.0,0.0,0.0,0.0,2026-10-07
接近,50,4153,鈺緯,上櫃,31.649999618530273,31.77499990463257,False,33.93456406102902,29.771990727022846,46.250097047374844,22127.6,10483.65,11290.55,2.1106771019635335,-0.24654972946632014,-0.2139162727963425,-0.032633456669977634,-0.06356312739133224,-0.05878291469291111,否,否,是,是,否,否,否,0.0,0.0,0.0,0.0,0.0,0.0,0.0,0.0,0.0,0.0,0.0,0.0,2026-10-07
接近,50,1796,金穎生技,上櫃,30.0,29.612499904632568,True,50.302321089395356,46.52899102755919,47.44338342855109,18800.0,9255.5,14004.15,2.031224677218951,-0.11706329363739343,-0.21329647439450683,0.0962331807571134,0.0775453323365129,0.08542377691435038,否,否,是,是,否,否,否,0.0,0.0,0.0,0.0,0.0,0.0,0.0,0.0,0.0,0.0,0.0,0.0,2026-10-07
接近,50,6720,久昌,上櫃,124.5,128.25,False,47.841068889089854,39.12288148050254,29.13954560434631,54231.8,28172.9,22627.775,1.9249633513056874,-2.28376293102815,-2.0750962202852765,-0.20866671074287346,-0.22184284124152276,-0.19488620028635584,否,是,否,是,否,否,否,0.0,0.0,0.0,0.0,0.0,0.0,0.0,0.0,0.0,0.0,0.0,0.0,2026-10-07
接近,50,3685,元創精密,上櫃,35.29999923706055,35.847500038146975,False,54.3404811517681,54.61014048607758,46.314700275290015,1070401.0,566716.0,583551.85,1.8887785063418008,-0.27136380044945696,-0.27653136472948625,0.005167564280029291,0.018527847630412986,-0.013664886151465994,否,否,是,是,否,否,否,0.0,0.0,0.0,0.0,0.0,0.0,0.0,0.0,0.0,0.0,0.0,0.0,2026-10-07
接近,50,1341,富林-KY,上市,59.099998474121094,59.42000026702881,False,50.65126938161537,54.040448313100825,47.15119408730064,4800.6,2550.95,4526.125,1.8818871400850665,-0.04293790944955589,0.03037003531739562,-0.07330794476695152,-0.0661344569471384,-0.04986655802099299,否,否,是,否,否,是,否,1.0,0.0,0.0,1.0,1.0,0.0,0.0,1.0,1.0,0.0,1.0,2.0,2026-10-07
接近,50,6220,岳豐,上櫃,25.649999618530273,25.367499923706056,True,51.735662884065825,53.93009399867519,47.68908533568907,274009.2,150904.9,180337.925,1.815774040471847,-0.1862491758420468,-0.30185993059019406,0.11561075474814725,0.10455603461702317,0.08807596865732287,否,否,是,是,否,否,否,0.0,0.0,0.0,0.0,0.0,0.0,0.0,0.0,0.0,0.0,0.0,0.0,2026-10-07
接近,50,1595,川寶,上櫃,72.30000305175781,70.72000083923339,True,30.65424120371179,49.787027806418735,52.19771091078931,3365928.8,1882632.35,1129377.875,1.7878842887194621,3.0419891788969267,3.2117132715462695,-0.16972409264934285,0.23092652650554601,0.8544086060173535,否,是,否,是,否,否,否,0.0,0.0,0.0,0.0,0.0,0.0,0.0,0.0,0.0,0.0,0.0,0.0,2026-10-07
接近,50,5450,南良,上櫃,14.600000381469727,14.61500005722046,False,29.407357492922536,33.61573942087216,45.97484866083994,200892.6,113816.85,112033.475,1.7650514840289464,-0.05973941870720445,-0.0632318557166595,0.003492437009455049,0.001924554623433175,0.005285471158876287,否,否,是,是,否,否,否,0.0,0.0,0.0,0.0,0.0,0.0,0.0,0.0,0.0,0.0,0.0,0.0,2026-10-07
接近,50,8941,關中,上櫃,43.900001525878906,44.15500030517578,False,86.22673001729505,78.6589547968815,46.87411015716028,8420.0,4929.4,6557.0,1.7081186351280075,-0.05535053760350195,-0.01828847871516682,-0.03706205888833513,-0.04180057400407074,-0.04573336836393988,是,否,是,否,是,否,否,0.0,0.0,0.0,0.0,0.0,0.0,0.0,0.0,0.0,0.0,0.0,0.0,2026-10-07
接近,50,4995,晶達,上櫃,46.79999923706055,49.88999977111816,False,26.01597328368925,28.530549498085506,33.058245332750715,52031.6,31306.4,31088.5,1.662011601461682,-0.4949753478817911,-0.007402991086370048,-0.48757235679542105,-0.43430038364437173,-0.3706492999581905,否,否,是,是,否,否,否,0.0,0.0,0.0,0.0,0.0,0.0,0.0,0.0,0.0,0.0,0.0,0.0,2026-10-07
接近,50,6560,欣普羅,上櫃,33.04999923706055,32.42999982833862,True,47.16680340059705,35.9796244429192,53.00996009667634,96425.6,60283.25,40628.9,1.5995421613798195,0.23463731498442542,0.20046134752012573,0.034175967464299684,0.023896204187790343,-0.12456753492677133,否,是,否,是,否,否,否,0.0,0.0,0.0,0.0,0.0,0.0,0.0,0.0,0.0,0.0,0.0,0.0,2026-10-07
接近,50,6721,信實,上櫃,49.0,50.19249992370605,False,35.70004028859185,35.0057395615442,28.708494546764285,15230.0,9823.1,11439.525,1.5504270545957997,-0.4814475867412682,-0.4284704590892956,-0.0529771276519726,-0.00488440914914734,0.04265729662125406,否,是,否,是,否,否,否,0.0,0.0,0.0,0.0,0.0,0.0,0.0,0.0,0.0,0.0,0.0,0.0,2026-10-07
接近,50,8147,正淩,上櫃,142.0,137.8,True,35.540814203430145,46.2398617595069,54.732456034732884,486073.8,317206.7,260978.7,1.5323566620755487,3.814703336927437,3.683000005216058,0.1317033317113787,0.36580284636073745,0.8083388459860301,否,是,否,是,否,否,否,0.0,0.0,0.0,0.0,0.0,0.0,0.0,0.0,0.0,0.0,0.0,0.0,2026-10-07
接近,50,2063,世鎧精密,上櫃,23.549999237060547,23.752499866485596,False,35.98247144111471,34.537691341965505,43.88392933188418,40819.8,27327.1,29888.8,1.4937479644748255,-0.12140369203071089,-0.11585463590182274,-0.005549056128888147,-0.006034637317253372,0.00045116645392818955,否,是,是,否,否,否,否,0.0,0.0,0.0,0.0,0.0,0.0,0.0,0.0,0.0,0.0,0.0,0.0,2026-10-07
接近,50,1435,中福,上市,21.049999237060547,22.33749990463257,False,38.78366609952816,39.29108731649936,43.27569971132461,14794.2,9913.1,14593.925,1.4923888591863292,-0.34288017203484955,-0.2827415190629288,-0.060138652971920725,-0.008653265250707476,-0.054256776729717626,否,是,是,否,否,是,否,3.0,0.0,0.0,3.0,15.0,0.0,0.0,15.0,33.0,0.0,4.0,37.0,2026-10-07
接近,50,6947,台鎔科技,上市,68.0999984741211,68.1049991607666,False,48.38526158104894,46.77259880092284,47.2614722826408,215693.0,146685.4,187386.25,1.4704462748167166,-0.6952202771325915,-1.0255478190606353,0.3303275419280438,0.37246992879708585,0.35339921796363516,否,是,是,否,否,是,否,-16.0,0.0,0.0,-16.0,4.841999999999995,0.0,-0.117,4.724999999999994,168.912,0.0,0.883,169.795,2026-10-07
接近,50,6431,光麗-KY,上市,17.0,17.569999790191652,False,33.68632229431452,36.35583468537806,39.1033261908977,85400.0,59164.2,83194.725,1.4434404589261751,-0.5007465996965692,-0.45604256343743715,-0.04470403625913205,-0.06647841428559575,-0.04846041171906018,否,是,是,否,否,是,否,33.0,0.0,2.0,35.0,36.0,0.0,1.0,37.0,34.0,0.0,3.0,37.0,2026-10-07
接近,50,2755,揚秦,上櫃,98.0,98.7449993133545,False,35.59066245397591,46.71940304450734,35.36016597460177,43043.4,29840.3,29134.975,1.442458688418012,-0.8146238085903263,-0.9396952520326369,0.12507144344231058,0.17070940033420223,0.2433682724440427,否,是,是,否,否,否,否,0.0,0.0,0.0,0.0,0.0,0.0,0.0,0.0,0.0,0.0,0.0,0.0,2026-10-07
接近,50,2496,卓越,上市,54.900001525878906,54.954999923706055,False,36.33575802275917,37.850925360250464,46.89697938726315,14198.4,9977.05,15323.175,1.423106028335029,-0.11517106288597745,-0.15840320993986373,0.04323214705388628,0.050732202804419924,0.060916398378445424,否,是,是,否,否,是,否,-1.0,0.0,1.0,0.0,3.9000000000000004,0.0,1.0,4.9,-2.05,0.0,2.0,-0.04999999999999982,2026-10-07
接近,50,6464,台數科,上市,76.5,77.10500030517578,False,48.47019247939356,49.23439978764243,45.71058857982557,18427.8,13166.35,21054.725,1.3996134084237468,-0.3116793695783713,-0.24127747587066856,-0.07040189370770272,-0.08081285674665442,-0.0466832698149548,否,是,是,否,否,是,否,1.36,0.0,0.0,1.36,4.36,0.0,0.921,5.281000000000001,-0.7600000000000016,0.0,1.9210000000000003,1.1609999999999996,2026-10-07
接近,50,1457,宜進,上市,14.300000190734863,14.390000057220458,False,30.192148636451275,32.188706017825524,46.418074889156905,120652.0,86397.8,92406.025,1.3964707434680048,-0.033545100533455496,-0.006453378742293474,-0.027091721791162024,-0.0334661651337922,-0.015387413953152806,否,是,是,否,否,否,否,-4.925,0.0,0.0,-4.925,-219.535,0.0,2.0,-217.535,-434.58199999999994,0.0,10.0,-424.582,2026-10-07
接近,50,2439,美律,上市,78.69999694824219,77.18999938964843,True,38.93576718962689,34.04224037495837,53.40641779048797,1893614.2,1362720.5,1416773.975,1.3895837040684424,-0.7395910732018933,-0.8144567581992812,0.07486568499738788,-0.13086340561702836,-0.07966736001734198,否,是,否,否,否,是,是,1537.956,-2.0,198.981,1734.937,2163.828,26.984,298.067,2488.879,5742.685,-450.228,212.03,5504.487000000001,2026-10-07
接近,50,2373,震旦行,上市,52.5,52.88500003814697,False,38.40546509392513,38.16879560150854,43.91557782469857,30782.0,22584.55,27251.6,1.3629671611787706,-0.14308813757641303,-0.13831877567309486,-0.00476936190331817,0.013326578275295486,-0.02819499688281224,否,是,是,否,否,是,否,-4.0,0.0,0.0,-4.0,14.0,0.0,3.0,17.0,22.0,0.0,10.0,32.0,2026-10-07
接近,50,8435,鉅邁,上櫃,52.70000076293945,53.095000457763675,False,39.547352819511346,43.52126561180338,43.32329410984928,31810.0,23459.75,20384.075,1.3559394281695245,-0.0674619691739835,-0.04812793637884821,-0.019334032795135292,0.007161910015621206,0.018920346571567458,否,是,是,否,否,否,否,0.0,0.0,0.0,0.0,0.0,0.0,0.0,0.0,0.0,0.0,0.0,0.0,2026-10-07
接近,50,6958,日盛台駿,上市,16.75,17.319999790191652,False,33.911184295849324,32.67153753243163,42.164819932590774,49831.2,37784.85,33921.575,1.318814286678391,-0.11779821072270025,-0.045844238846193944,-0.0719539718765063,-0.057872427567838655,-0.07088778369820453,否,是,是,否,否,否,否,-4.0,0.0,0.0,-4.0,-26.0,0.0,2.0,-24.0,-16.582,0.0,20.0,3.4179999999999993,2026-10-07
接近,50,6614,資拓宏宇,上市,35.5,35.555000114440915,False,42.830799551681835,32.86751965897167,46.84276883454483,34400.0,26650.0,26659.7,1.2908067542213884,-0.15029211256399577,-0.20432563901572148,0.05403352645172571,0.057054920536894205,0.019544618138440745,否,是,是,否,否,是,否,3.0,0.0,0.0,3.0,6.0,0.0,0.0,6.0,-11.0,0.0,3.0,-8.0,2026-10-07
接近,50,2230,泰茂,上櫃,21.75,21.704999923706055,True,44.30872807553038,44.83860417052847,46.48736333818425,170855.4,132944.35,112691.975,1.2851648076808078,-0.2971708966749773,-0.3956282851946972,0.09845738851971991,0.1020107516716714,0.11544264987138769,否,是,是,否,否,否,否,0.0,0.0,0.0,0.0,0.0,0.0,0.0,0.0,0.0,0.0,0.0,0.0,2026-10-07
接近,50,8054,安國,上櫃,81.30000305175781,84.5800006866455,False,31.10342742769908,46.46439783857523,40.806336614250384,1315831.2,1047757.0,852089.9,1.2558553175974962,0.6424106059778154,0.6828758188138667,-0.04046521283605131,0.43471316430815643,0.6882191341439402,否,是,是,否,否,否,否,0.0,0.0,0.0,0.0,0.0,0.0,0.0,0.0,0.0,0.0,0.0,0.0,2026-10-07
接近,50,9942,茂順,上市,113.0,113.85,False,39.308181425614066,43.57987816613354,41.67438044385543,65811.8,53015.15,67785.25,1.24137722896191,-0.47484339083055715,-0.47241575907293365,-0.002427631757623505,0.03032316429138532,0.03599303480897065,否,是,是,否,否,是,否,-9.0,0.0,0.0,-9.0,5.236,0.0,0.0,5.236,-79.517,0.0,9.0,-70.517,2026-10-07
接近,50,7803,雲象科技-創,上市,17.5,18.412499809265135,False,28.268055239723175,24.249690046116438,32.32578676856518,85000.0,68861.35,49092.925,1.234364414871332,-0.5188475749065695,-0.4696828919828782,-0.049164682923691305,-0.05495996970347866,-0.06822915226817472,是,否,是,否,是,是,否,-6.0,0.0,3.0,-3.0,19.0,0.0,8.556,27.556000000000004,-9.0,0.0,5.401999999999998,-3.597999999999992,2026-10-07
接近,50,1530,亞崴,上市,26.350000381469727,27.110000228881837,False,46.651299286053415,36.791297643017856,33.73522418684263,29724.0,24160.2,27351.225,1.2302878287431396,-0.45098563556888394,-0.42167705059129307,-0.029308584977590868,-0.026504386041786565,-0.03924132138930381,否,是,是,否,否,是,否,-7.06,0.0,0.0,-7.06,9.49,0.0,0.07199999999999995,9.562000000000001,-7.139999999999999,0.0,2.6450000000000005,-4.495000000000001,2026-10-07
接近,50,3432,台端,上市,14.699999809265137,14.642500019073486,True,37.81382828573176,38.14637423382921,48.06580762487024,42232.4,38949.65,34079.075,1.0842818870002684,-0.05711449610370778,-0.10525140988299947,0.04813691377929169,0.059780715734416484,0.06997307522043361,否,是,是,否,否,是,否,-8.0,0.0,0.0,-8.0,9.0,0.0,0.0,9.0,-9.0,0.0,1.0,-8.0,2026-10-07
接近,50,2712,遠雄來,上市,13.199999809265137,13.669999980926514,False,35.313045618221594,34.708448339378975,30.182555734280854,16254.4,17728.55,13489.3,0.9168488116625443,-0.28010223260914735,-0.27019959702522056,-0.009902635583926789,-0.00824253090582655,-0.01119222468867953,否,是,是,否,否,是,否,-1.0,0.0,0.0,-1.0,5.0,0.0,0.0,5.0,-1.0,0.0,3.0,2.0,2026-10-07
接近,40,9933,中鼎,上市,43.54999923706055,41.992499923706056,True,52.30461692411284,52.154898447672174,57.51370741887979,12274347.0,4784682.7,3656918.2,2.5653418982203355,1.0757973204795874,0.7463835674729606,0.3294137530066268,0.4464030756369993,0.41296908540149957,否,否,否,是,否,是,否,-169.537,-3.8,78.0,-95.33700000000002,8946.989,-105.39999999999999,-953.0149999999999,7888.5740000000005,13862.983999999999,-962.6999999999998,-1537.061,11363.223000000002,2026-10-07
接近,40,1325,恆大,上市,27.799999237060547,25.8875,True,51.724696823160976,44.473933167787024,69.51613958804336,770452.2,303099.95,246507.025,2.5419080405654966,0.16587917137262664,-0.01186700764721308,0.17774617901983972,0.0690374776598789,0.023006161803312816,否,否,否,是,否,是,否,-24.661,0.0,0.0,-24.661,16.283,0.0,-2.0,14.283000000000001,472.41300000000007,0.0,1.0,473.41300000000007,2026-10-07
接近,40,7736,虎山,上市,71.80000305175781,69.325,True,53.2870311920631,42.58012972478963,64.91040445869784,101075.4,40631.6,28966.55,2.4876057059037793,0.3245882619442426,-0.056258172917851595,0.38084643486209424,0.31134242958249,0.20716136186952747,否,否,否,是,否,是,否,-15.0,0.0,0.0,-15.0,4.0,0.0,0.0,4.0,22.0,0.0,1.0,23.0,2026-10-07
接近,40,7777,能率亞洲,上櫃,37.29999923706055,36.902499771118165,True,49.58621881035508,52.03218499981418,48.39107041805181,2329304.4,1368154.4,1868926.775,1.7025157394516293,-0.15820849050589914,-0.4188138183649955,0.26060532785909635,0.3201165741328858,0.38514811817643935,否,否,是,否,否,否,否,0.0,0.0,0.0,0.0,0.0,0.0,0.0,0.0,0.0,0.0,0.0,0.0,2026-10-07
接近,40,6606,建德工業,上市,24.25,25.102499961853027,False,27.42228066157457,33.345031309396845,39.09378562418286,121275.2,78221.6,101406.125,1.5504055145893205,-0.3475861895280943,-0.2629456810487366,-0.08464050847935767,-0.07922202798674721,-0.0044344432113404,否,否,是,否,否,否,否,0.0,0.0,0.0,0.0,-70.0,0.0,0.0,-70.0,-94.0,0.0,0.9469999999999992,-93.053,2026-10-07
接近,40,5222,全訊,上市,103.0,104.45,False,33.2573147076964,46.70233567191091,43.74495204123491,239165.4,162036.9,211650.85,1.4759934311258731,-0.16767053751897265,-0.05911317456911447,-0.10855736294985818,0.033347362055430256,0.3083350133431415,否,是,是,否,否,否,否,-74.873,0.0,0.351,-74.522,-116.07600000000002,-3.0,-0.38400000000000006,-119.46000000000001,63.682,-6.382,4.559000000000001,61.85900000000001,2026-10-07
接近,40,6180,橘子,上櫃,39.650001525878906,40.96750030517578,False,34.61867386485077,44.90568333280402,36.65981667819902,323741.0,227059.95,280053.575,1.4257952580364788,-0.2330947895169615,-0.2274087281803095,-0.005686061336652004,0.10370295688769154,0.115023807619339,否,是,是,否,否,否,否,0.0,0.0,0.0,0.0,0.0,0.0,0.0,0.0,0.0,0.0,0.0,0.0,2026-10-07
接近,40,2488,漢平,上市,49.70000076293945,48.7524995803833,True,40.80674369257607,37.06521651951889,52.04471584729466,106631.2,75700.55,78776.475,1.4085921436502111,0.10025662078648878,-0.019860343056563545,0.12011696384305233,0.08836941127338821,0.0717798327695759,否,是,否,否,否,是,否,-6.0,0.0,-2.0,-8.0,26.0,0.0,5.944,31.944000000000003,46.31,0.009,11.977,58.29600000000002,2026-10-07
接近,40,3040,遠見,上市,33.0,34.33500003814697,False,20.144147776916423,26.351005710733826,33.39745480200192,349993.2,251729.45,177222.725,1.390354604914125,-0.7356458867076583,-0.6971717956022678,-0.03847409110539046,-0.0018096583214656237,-0.004433899214770665,否,否,是,否,否,是,否,78.2,0.0,0.0,78.2,172.4,0.0,0.0,172.4,294.4,0.0,-8.0,286.4,2026-10-07
接近,40,1449,佳和,上市,12.800000190734863,12.342500162124633,True,47.870029177882714,45.79878704744664,61.42579017903681,471109.8,340108.15,308445.575,1.3851764504908217,0.03203953250797831,-0.014611326009075973,0.04665085851705428,0.023301392163330988,0.020118106567888157,否,是,否,否,否,是,否,44.418,0.0,-8.0,36.418,450.615,0.0,-8.773,441.84200000000004,1219.924,0.0,1.2480000000000002,1221.1720000000003,2026-10-07
接近,40,1736,喬山,上市,122.0,125.5,False,20.615521750662207,28.200237084720623,42.40359170071405,617693.4,449213.0,500494.0,1.3750568215968817,-1.327426362113556,-1.0297371637270012,-0.29768919838655483,-0.2142853944444124,0.10332639649506548,否,否,是,否,否,是,是,181.858,1.0,0.407,183.26500000000001,128.98799999999997,1.0,-9.729,120.25900000000007,1118.535,-408.0,-16.595,693.94,2026-10-07
接近,40,1788,杏昌,上櫃,127.0,127.9,False,32.47992624496389,37.0634893725947,32.3514725277015,20439.2,15078.8,16169.2,1.3554924795076533,-0.3734799998916003,-0.39361865821859177,0.020138658326991465,0.07819065851702767,0.0682508157122293,否,是,是,否,否,否,否,0.0,0.0,0.0,0.0,0.0,0.0,0.0,0.0,0.0,0.0,0.0,0.0,2026-10-07
接近,40,2450,神腦,上市,28.149999618530273,28.23499975204468,False,36.23770256568844,42.28088045005258,43.79886004655271,95761.0,71018.1,84858.375,1.3484027311347389,-0.04177756157791279,-0.03055899852460819,-0.011218563053304601,-0.01248556813098007,-0.00287721285323405,否,是,是,否,否,否,否,-2.0,0.0,0.0,-2.0,-123.0,0.0,0.0,-123.0,-61.0,0.0,32.0,-29.0,2026-10-07
接近,40,1216,統一,上市,75.5,74.65999908447266,True,47.47888120149824,30.073168964405856,53.61626303694144,12522820.6,9373960.2,10106418.25,1.3359156997487573,-0.5633225717444219,-0.5931732109569422,0.02985063921252029,-0.13383998075352133,-0.1917974753735766,否,是,否,否,否,是,是,4818.307,1911.188,387.151,7116.646,1255.7660000000014,1423.786,1440.2450000000001,4119.797000000002,-3460.722999999999,740.7230000000004,3401.681,681.6809999999984,2026-10-07
接近,40,2597,潤弘,上市,165.5,168.675,False,17.530421665843466,18.402115349728888,44.194778665545975,263898.6,198473.25,199727.775,1.329643163499363,-0.99495811073146,-0.3419006679281804,-0.6530574428032796,-0.7614183516659705,-0.7662044660161144,否,否,是,否,否,否,是,-30.962,2.0,-2.0,-30.962,-166.764,1.0,-7.283,-173.04699999999997,217.86,124.17699999999999,37.258,379.295,2026-10-07
接近,40,7812,稜研科技*-創,上市,65.0,73.38999977111817,False,7.995340144479091,10.970864964704177,34.04660319416155,175624.0,132502.55,118800.2,1.3254386425015972,-3.0383999685451215,-1.7852008355455586,-1.2531991329995629,-1.4136082454405954,-1.489167741820881,否,否,是,否,否,是,否,-11.0,0.0,0.0,-11.0,14.0,0.0,51.916,65.916,164.0,0.0,86.916,250.916,2026-10-07
接近,40,5481,新華,上櫃,20.399999618530273,21.469999980926513,False,36.43419035439166,48.49357167040401,38.38960923195746,303822.0,238098.6,256741.425,1.2760343823945206,0.11489300229432331,0.29873606826719873,-0.18384306597287542,-0.12177637772451311,-0.01758063656963743,否,是,是,否,否,否,否,0.0,0.0,0.0,0.0,0.0,0.0,0.0,0.0,0.0,0.0,0.0,0.0,2026-10-07
接近,40,4506,崇友,上櫃,118.0,118.9,False,25.2546301377417,19.72614188831902,38.27838755084808,67153.4,53022.15,49907.7,1.2665159749274595,-1.0250949561987852,-1.0090362084720617,-0.016058747726723555,-0.07770634329185544,-0.10403561810032447,是,否,是,否,是,否,否,0.0,0.0,0.0,0.0,0.0,0.0,0.0,0.0,0.0,0.0,0.0,0.0,2026-10-07
接近,40,2064,晉椿,上櫃,11.899999618530273,12.00999994277954,False,36.42933885139124,32.78480169498759,40.63140785642261,143800.4,117256.1,119664.15,1.2263788408449539,-0.10567325359155078,-0.12231182839633391,0.016638574804783132,0.018794522049063456,0.012320060425560636,否,是,是,否,否,否,否,0.0,0.0,0.0,0.0,0.0,0.0,0.0,0.0,0.0,0.0,0.0,0.0,2026-10-07
接近,40,2883,凱基金,上市,38.5,38.38500003814697,True,39.264870649399384,36.72907829723769,58.84592499091589,57658883.6,47409406.05,46470126.2,1.216190802710974,0.903957003945699,1.296266362215477,-0.3923093582697781,-0.46096232975518947,-0.4656778758882629,否,是,否,否,否,是,是,-13827.675,3515.226,1316.836,-8995.613,15085.023000000001,13319.648000000001,4841.149,33245.82000000001,-13934.22,41167.742999999995,11159.605,38393.128000000004,2026-10-07
接近,40,2258,鴻華先進-創,上市,30.899999618530273,30.989999961853027,False,34.44869145314067,43.6436228607293,48.14993630515137,474597.8,394230.7,393712.15,1.2038580455555592,-0.04253147928469403,-0.0512533555092887,0.008721876224594673,0.01883715160375047,0.029086336478385807,否,是,是,否,否,否,否,-61.0,0.0,25.227,-35.772999999999996,-428.95799999999997,0.0,37.120999999999995,-391.837,-80.39900000000014,0.0,105.928,25.528999999999876,2026-10-07
接近,40,6657,華安,上市,33.400001525878906,33.76999988555908,False,43.56428797545128,37.55800774889417,52.561544825956595,185230.0,265774.0,179728.175,0.6969455251454243,0.2916408039203944,0.3364387545917601,-0.044797950671365716,-0.05273724954222814,-0.1475043122580622,是,是,否,否,是,是,否,41.0,0.0,0.0,41.0,88.0,0.0,-1.0,87.0,-493.36,0.0,2.576,-490.784,2026-10-07
接近,30,5488,松普,上櫃,11.949999809265137,11.877500057220459,True,44.371065878552024,53.29975967063712,50.55501099788647,415768.6,272105.55,314416.9,1.52796809914388,-0.08152999402456373,-0.1605342271347369,0.07900423311017316,0.09792461168276403,0.10217987172729454,否,否,否,是,否,否,否,0.0,0.0,0.0,0.0,0.0,0.0,0.0,0.0,0.0,0.0,0.0,0.0,2026-10-07
接近,30,6541,泰福-KY,上市,32.70000076293945,31.15999984741211,True,53.739028881071846,36.970147111453,52.37051614046468,718396.6,477844.95,426459.6,1.5034094218218692,-0.6700291637586346,-1.1204340752705946,0.45040491151195994,0.3868451484638431,0.20483758790922169,否,否,否,是,否,否,否,215.0,0.0,0.0,215.0,-236.024,0.0,-2.2,-238.22400000000005,-384.224,0.0,7.984000000000002,-376.24,2026-10-07
接近,30,1541,錩泰,上市,20.549999237060547,20.97500009536743,False,22.210362868832362,32.349107479701416,38.10858097990266,14200.6,9524.5,11894.25,1.4909549057693317,-0.20707055055782675,-0.175536799674767,-0.031533750883059736,-0.024203172790596333,-0.023317591570746143,否,否,是,否,否,是,否,1.0,0.0,0.0,1.0,5.0,0.0,-0.002,4.998000000000001,-3.8560000000000016,0.0,2.999,-0.8569999999999993,2026-10-07
接近,30,2947,振宇五金,上櫃,60.5,60.71500034332276,False,44.56884308432841,50.2729909490899,44.82850857570005,15551.6,10699.2,11627.025,1.4535292358307164,-0.21867030543038624,-0.41606400265953686,0.19739369722915062,0.26836285867934895,0.15209764511253532,否,否,是,否,否,否,否,0.0,0.0,0.0,0.0,0.0,0.0,0.0,0.0,0.0,0.0,0.0,0.0,2026-10-07
接近,30,6887,寶綠特-KY,上市,36.79999923706055,37.95500011444092,False,24.828470697644796,36.15652572075785,43.95981085741691,31604.8,21912.2,28698.5,1.4423380582506549,0.03930731478151017,0.24653711095651856,-0.2072297961750084,-0.15350150471980972,-0.07455459010193932,否,否,是,否,否,是,否,-1.0,0.0,0.0,-1.0,11.0,0.0,0.0,11.0,16.0,0.0,3.0,19.0,2026-10-07
接近,30,5306,桂盟,上市,87.9000015258789,89.325,False,26.632581695201672,27.434704414961992,38.384025203855835,132579.8,92062.65,113444.25,1.4401041030211492,-1.2666786877991,-1.1937305950648927,-0.07294809273420744,-0.12520683100635832,-0.1301042492471971,否,否,是,否,否,是,否,27.035,0.0,0.0,27.035,123.035,-96.5,3.0,29.534999999999997,-74.05700000000002,-162.0,-1.0,-237.05700000000002,2026-10-07
接近,30,1451,年興,上市,17.0,17.064999961853026,False,50.00861511976197,48.919820550648836,42.82441291252089,128195.0,91220.15,85255.1,1.40533643060223,-0.0718776182290135,-0.07510101894897396,0.0032234007199604536,0.0018903358690386673,0.0007094905897176984,否,否,是,否,否,否,否,-67.0,0.0,0.0,-67.0,-207.0,0.0,0.0,-207.0,-419.0,0.0,7.0,-412.0,2026-10-07
接近,30,3207,耀勝,上櫃,39.099998474121094,38.3975004196167,True,46.655886476657805,50.88727726115124,48.25407972018523,230200.6,170177.55,162389.275,1.3527083919118592,-0.3164183923615269,-0.7198508028265145,0.40343241046498757,0.47402954334313285,0.5284097714374916,否,否,是,否,否,否,否,0.0,0.0,0.0,0.0,0.0,0.0,0.0,0.0,0.0,0.0,0.0,0.0,2026-10-07
接近,30,2459,敦吉,上市,65.0,65.34000053405762,False,33.77920276198324,29.995605444839207,41.773074648988086,74344.8,55497.7,67121.6,1.3396014609614453,-0.2754245488217748,-0.23305974482137065,-0.042364804000404155,-0.059466105612111825,-0.08872268289635782,是,否,是,否,是,否,否,-10.0,0.0,0.0,-10.0,-111.0,0.0,0.0,-111.0,-284.185,0.0,11.0,-273.185,2026-10-07
接近,30,6641,基士德-KY,上市,17.149999618530273,16.979999923706053,True,54.4377954190068,44.466627828610605,49.32817345950224,15200.0,11350.05,31520.45,1.3392011488936173,-0.11481902561223478,-0.166848090675069,0.05202906506283422,0.042431477079447,0.041458913610622594,否,否,是,否,否,是,否,0.0,0.0,2.0,2.0,12.0,0.0,4.0,16.0,13.0,0.0,5.0600000000000005,18.060000000000002,2026-10-07
接近,30,5609,中菲行,上櫃,78.69999694824219,78.48499984741211,True,48.61988516903844,34.628232661605885,53.40859761220975,147313.4,110083.5,132801.825,1.3381969141606145,-0.06132263517403658,-0.04138515009189355,-0.019937485082143026,-0.06864922744952856,-0.09936890932409427,是,是,否,否,是,否,否,0.0,0.0,0.0,0.0,0.0,0.0,0.0,0.0,0.0,0.0,0.0,0.0,2026-10-07
接近,30,3450,聯鈞,上市,535.0,525.575,True,44.79140483154244,44.143510130538104,50.437755165055826,10261620.2,7813093.4,9068490.65,1.313387626980115,-0.3410878052305861,-0.7327747047856544,0.3916868995550683,0.1631997622787682,0.2043650703018154,否,是,否,否,否,否,是,-1463.026,1.0,-24.9,-1486.9260000000002,-6246.4400000000005,1167.0,-80.60500000000002,-5160.045,-18525.778999999995,449.0,-70.84200000000004,-18147.621,2026-10-07
接近,30,1752,南光,上市,31.5,31.380000114440918,True,33.1880620140479,37.21856778249625,50.738186072311784,48412.0,37437.65,39514.125,1.2931367219897616,-0.05179707566945524,-0.0818092288267341,0.030012153157278856,0.02495247878613019,0.016092151244464198,否,是,否,否,否,是,否,41.0,0.0,1.0,42.0,26.0,0.0,1.0,27.0,36.0,0.0,2.0,38.0,2026-10-07
接近,30,3228,金麗科,上櫃,164.5,170.8,False,27.88933136781248,43.7769443513832,45.15754390617358,406671.6,319459.45,303309.025,1.2729991239889755,2.577790297230308,3.752570042993656,-1.174779745763348,-0.5567583093644073,0.009704550336239848,否,否,是,否,否,否,否,0.0,0.0,0.0,0.0,0.0,0.0,0.0,0.0,0.0,0.0,0.0,0.0,2026-10-07
接近,30,6412,群電,上市,74.0,74.25499992370605,False,28.054124680160683,41.94016553834599,37.16467774271747,646240.8,514519.1,541317.9,1.2560093493127855,-0.7968698322324457,-1.0019865344730747,0.20511670224062906,0.24506525411988123,0.30362521460132785,否,否,是,否,否,否,是,-423.715,0.0,-22.634,-446.349,-1033.074,5.079,-63.963,-1091.9579999999999,-941.2629999999999,45.843,-192.262,-1087.682,2026-10-07
接近,30,1524,耿鼎,上市,26.100000381469727,26.04250011444092,True,31.58017667453292,28.409946878245375,46.16076061563128,296702.0,237205.4,262938.025,1.2508231262863325,-0.23837450224286982,-0.25804082147912777,0.019666319236257945,-0.005021630035651259,0.0005619287707855358,否,否,是,否,否,是,否,36.32,0.0,-5.0,31.32,152.52599999999995,0.0,-5.0,147.52599999999995,802.2429999999999,0.0,0.0,802.2429999999999,2026-10-07
接近,30,1905,華紙,上市,12.899999618530273,13.077500009536744,False,24.17483174816006,22.07603293605875,43.75734677460442,2070496.4,1669752.6,1684642.075,1.240001902078188,-0.191194558024943,-0.17018170733549765,-0.02101285068944536,-0.03746435317071806,-0.032725089941918306,否,否,是,否,否,是,否,296.507,0.0,-36.711,259.796,309.24500000000006,0.0,-135.987,173.2580000000001,-1295.4249999999997,0.0,-217.883,-1513.3080000000004,2026-10-07
接近,30,2732,六角,上櫃,63.20000076293945,63.07499980926514,True,28.683316644846144,31.851781094530644,47.99920977505986,32341.4,26443.8,24545.275,1.2230239224317232,-0.10807411795178012,-0.15079679085266734,0.042722672900887215,0.05234723451340084,0.06567341578610963,否,否,是,否,否,否,否,0.0,0.0,0.0,0.0,0.0,0.0,0.0,0.0,0.0,0.0,0.0,0.0,2026-10-07
接近,30,6581,鋼聯,上市,108.0,109.4,False,38.7436816036414,26.260646170711127,44.643875877735404,19202.2,15839.3,17606.375,1.212313675478083,-0.15992608282577692,-0.028962101858628617,-0.13096398096714829,-0.1036948622897163,-0.2552068910938904,否,否,是,否,否,是,否,-1.0,0.0,0.0,-1.0,6.0,0.0,0.0,6.0,14.0,0.0,2.889,16.889,2026-10-07
接近,30,9105,泰金寶-DR,上市,8.890000343322754,8.503500032424927,True,44.1716916576369,33.57764226185891,61.74963465687016,21206867.4,17517522.7,17971752.2,1.210608815137999,0.023032533329288896,-0.0001655899382501753,0.023198123267539072,-0.006947639388851959,-0.014666866892454517,否,是,否,否,否,是,否,-7596.9,0.0,-190.914,-7787.813999999999,14384.400000000003,0.0,1075.8369999999998,15460.237000000001,3587.444000000003,0.0,1134.741,4722.185000000002,2026-10-07
接近,30,6201,亞弘電,上市,44.25,44.685000038146974,False,14.599726976795829,10.527284232398932,43.61962615617374,35420.0,29464.4,28571.375,1.2021286705312173,-0.29922142461946777,-0.28021685319556616,-0.019004571423901606,-0.02784787485661644,-0.010166549104057176,否,否,是,否,否,是,否,2.0,0.0,0.0,2.0,18.0,0.0,3.0,21.0,-18.0,0.005,7.0,-10.995,2026-10-07
接近,30,3051,力特,上市,22.450000762939453,22.189999866485596,True,37.15575645287408,52.71075600403527,48.73349051700732,591505.0,566279.9,513354.075,1.0445452858206692,0.11057172291765482,0.045599498287490575,0.06497222463016425,0.10718620927692776,0.18041791802779067,否,否,是,否,否,是,否,1.209,0.0,0.0,1.209,157.07100000000003,0.0,-7.434,149.637,1284.878,0.05,10.447999999999999,1295.376,2026-10-07
接近,30,6645,金萬林-創,上市,12.300000190734863,12.6125,False,53.06404236981674,54.2247335092419,40.133761647589296,35927.6,35194.95,27685.575,1.0208169069710284,-0.06554629753581231,-0.0959248901435813,0.030378592607768984,0.0666459955645772,0.06444067906246898,否,否,是,否,否,是,否,24.0,0.0,-2.0,22.0,21.003,0.0,4.709,25.711999999999996,-17.994,0.0,-29.394000000000002,-47.388000000000005,2026-10-07
接近,30,4935,茂林-KY,上市,32.95000076293945,32.86750001907349,True,41.74579256120383,53.84218195408738,47.17603100616128,118208.6,119114.2,97263.25,0.992397212087224,-0.06813336242435497,-0.1757680456817246,0.10763468325736963,0.15810986050799403,0.23345583407419873,否,否,是,否,否,是,否,30.87,0.0,6.0,36.870000000000005,65.488,0.0,0.0,65.488,-222.512,0.021,6.0,-216.49099999999999,2026-10-07
接近,20,6104,創惟,上櫃,87.5,90.74500045776367,False,29.77671366062381,43.604206982725245,34.94359712609882,577712.2,385198.2,489077.6,1.4997790747724158,-1.32648660206371,-1.141341860209201,-0.18514474185450913,-0.05078360875686627,0.15321314541679776,否,否,是,否,否,否,否,0.0,0.0,0.0,0.0,0.0,0.0,0.0,0.0,0.0,0.0,0.0,0.0,2026-10-07
接近,20,6130,上亞科技,上櫃,22.850000381469727,23.77499990463257,False,27.55029906388411,28.584244120500884,35.248446715065725,198400.4,137165.8,180328.2,1.4464276080480705,-0.7478901309909922,-0.6924337333556113,-0.055456397635380905,-0.06740374916480951,-0.06077584020410698,否,否,是,否,否,否,否,0.0,0.0,0.0,0.0,0.0,0.0,0.0,0.0,0.0,0.0,0.0,0.0,2026-10-07
接近,20,4526,東台,上市,33.45000076293945,32.08750009536743,True,48.746744563551545,54.44060455813988,59.30106639398536,3400620.2,2419623.0,2286382.3,1.405433904372706,0.7391465095963596,0.5283038849616141,0.21084262463474557,0.2730652488957341,0.31203733659391486,否,否,否,否,否,是,否,190.126,0.0,-5.724,184.40200000000002,87.12700000000001,0.0,-85.421,1.7059999999999889,2037.973,0.0,-43.07600000000001,1994.897,2026-10-07
接近,20,2115,六暉-KY,上市,24.850000381469727,23.885000038146973,True,53.15435940578238,44.32219628749868,75.37787063202492,89400.0,66115.85,68283.35,1.3521719829662628,0.1881752609777827,0.15819813485478576,0.02997712612299694,-0.03521145798375719,-0.036645796734699115,否,否,否,否,否,是,否,4.0,0.0,0.0,4.0,57.0,0.0,-2.0,55.0,62.599000000000004,0.0,1.0,63.599000000000004,2026-10-07
接近,20,8367,建新國際,上市,40.900001525878906,40.62250022888183,True,62.82096549290797,56.52144919343857,54.23739650570179,24687.6,18823.9,18617.875,1.3115029297860696,0.042433008806249006,0.002892338666294488,0.03954067013995452,0.03193755345358541,0.007056036597245123,否,否,否,否,否,是,否,3.0,0.0,0.0,3.0,13.0,0.0,0.0,13.0,-3.0,0.0,2.0,-1.0,2026-10-07
接近,20,3310,佳穎,上櫃,67.9000015258789,68.19000053405762,False,45.48826512884854,50.00292682650581,47.53914334467292,19931.2,15200.8,16706.4,1.3111941476764382,-0.12007877736346018,-0.045653679526300825,-0.07442509783715935,-0.08174740409061843,-0.0861993384700819,否,否,是,否,否,否,否,0.0,0.0,0.0,0.0,0.0,0.0,0.0,0.0,0.0,0.0,0.0,0.0,2026-10-07
接近,20,6835,圓裕,上市,32.04999923706055,31.11250009536743,True,46.427420971454026,52.00098699081865,60.37674873831393,27600.0,21952.25,19503.725,1.2572743112892757,0.19753247681855157,0.04825384605793853,0.14927863076061304,0.14406010068577654,0.10316275340620479,否,否,否,否,否,是,否,0.0,0.0,0.0,0.0,1.0,0.0,0.0,1.0,85.438,0.0,2.0,87.438,2026-10-07
接近,20,4126,太醫,上櫃,77.5,77.72999992370606,False,39.38777369557018,53.802770432159896,45.40627355894079,34028.6,27421.95,28054.35,1.2409256088644316,0.001467445936640388,0.040430144022088166,-0.03896269808544778,-0.026623362225806232,0.00474207392262397,否,否,是,否,否,否,否,0.0,0.0,0.0,0.0,0.0,0.0,0.0,0.0,0.0,0.0,0.0,0.0,2026-10-07
接近,20,6598,ABC-KY,上市,26.75,27.589999866485595,False,28.280326545976898,25.601915290572016,43.96733226706122,214890.6,173516.3,195073.5,1.2384461863237057,-0.3079199503807928,-0.20059314743842593,-0.10732680294236685,-0.11761187610369761,-0.10638448553456237,否,否,是,否,否,否,否,118.926,0.0,2.0,120.926,-289.074,0.0,3.0,-286.074,-586.3620000000001,0.0,7.0,-579.3620000000001,2026-10-07
接近,20,6219,富旺,上櫃,12.0,12.114999961853027,False,44.07963832574529,50.84023704561379,44.12908269572693,84400.0,68456.25,73724.375,1.2329042271523782,-0.03462332444502536,-0.04228095889844022,0.007657634453414858,0.02137912146340276,0.02176228307284757,否,否,是,否,否,否,否,0.0,0.0,0.0,0.0,0.0,0.0,0.0,0.0,0.0,0.0,0.0,0.0,2026-10-07
接近,20,1321,大洋,上市,32.45000076293945,32.38999977111816,True,51.131616434788185,47.15192651510722,50.78891334428298,101600.0,82817.3,107574.95,1.2267968166071581,0.0018813113156568306,0.018056299121948224,-0.016174987806291393,-0.02396891070484048,-0.024538491879038414,是,否,否,否,是,是,否,36.002,0.0,14.0,50.002,79.00200000000001,0.0,17.0,96.00200000000001,77.00200000000001,0.0,48.0,125.00200000000001,2026-10-07
接近,20,6698,旭暉應材,上市,31.899999618530273,31.842500114440917,True,25.629416224092203,33.48054229867798,48.37551589887422,187472.6,155153.8,145465.975,1.208301698057025,-0.13645703268094422,-0.1434865895175326,0.007029556836588374,-0.0016196260994150447,0.058101705749912386,否,否,是,否,否,否,否,-2.972,0.0,0.0,-2.972,-192.948,0.0,0.0,-192.948,-103.03800000000001,0.0,2.0,-101.03800000000001,2026-10-07
接近,10,3004,豐達科,上市,121.0,118.875,True,59.95240908081513,60.141963643936286,54.282734112486956,400104.4,275634.9,334599.9,1.4515738028820007,-0.501115765844844,-1.3169281796247332,0.8158124137798892,0.8581396606447595,0.8251119970062475,否,否,否,否,否,是,否,-6.009,0.0,2.507,-3.5020000000000002,27.72,0.0,1.722000000000001,29.441999999999986,246.47099999999998,-390.0,0.33700000000000063,-143.19200000000004,2026-10-07
接近,10,2722,夏都,上市,21.5,21.307499980926515,True,53.57294917265774,47.04359974461002,52.24960832092905,40619.8,28880.8,37112.725,1.4064638098667628,-0.0432986266141171,-0.10670834963233244,0.06340972301821535,0.06449230116555654,0.057517474689886494,否,否,否,否,否,是,否,3.0,0.0,0.0,3.0,15.0,0.0,-0.001,14.999,5.0,0.0,8.999,13.999000000000002,2026-10-07
接近,10,2317,鴻海,上市,252.0,251.25,True,44.96908987038679,52.65214484303489,50.55628004604076,45947679.4,32698419.35,34968802.3,1.4051957346372461,0.7737697715048739,0.5303436803504062,0.24342609115446767,0.4106640395972906,0.22903650628203953,否,否,否,否,否,否,否,-25605.124,147.147,-69.905,-25527.881999999998,-59404.558999999994,-1459.8700000000001,443.963,-60420.466,-69224.99200000001,2514.616,243.97100000000046,-66466.405,2026-10-07
接近,10,3043,科風,上市,20.850000381469727,20.557500267028807,True,65.82820775779787,54.36827579941587,52.63760377180854,88085.6,63570.1,73939.775,1.3856451382017647,-0.019973764361647994,-0.07096992570704352,0.05099616134539553,0.04262107945054466,0.026912075288526238,否,否,否,否,否,是,否,-7.0,0.0,0.0,-7.0,100.0,0.0,-2.0,98.0,142.0,0.0,11.0,153.0,2026-10-07
接近,10,7818,溢泰實業,上市,61.0,60.175,True,74.1687816403821,65.75907725830984,54.342336026821165,78970.0,60748.45,61430.675,1.2999508629438283,-0.35918865166546254,-0.5973281766503197,0.23813952498485713,0.2010306126029533,0.15492964604463377,否,否,否,否,否,是,否,0.0,0.0,0.0,0.0,111.0,0.0,7.0,118.0,203.13400000000001,0.0,5.0,208.13400000000001,2026-10-07
接近,10,1742,台蠟,上櫃,17.700000762939453,17.569999980926514,True,29.50911880527083,28.549538267713245,53.82554647432109,65086.8,51763.2,70097.7,1.2573952151335313,0.022143104965465454,0.028215739848095733,-0.006072634882630278,-0.016831044703365602,-0.02792937863604835,是,否,否,否,是,否,否,0.0,0.0,0.0,0.0,0.0,0.0,0.0,0.0,0.0,0.0,0.0,0.0,2026-10-07
接近,0,6124,業強,上櫃,27.200000762939453,27.005000114440918,True,43.259235101891946,51.44813637075428,51.7551401424259,16493.2,11436.25,13388.675,1.442186031260247,0.060989982490202266,0.04526525614759471,0.015724726342607555,0.015075023803737597,0.03254012390425853,否,否,否,否,否,否,否,0.0,0.0,0.0,0.0,0.0,0.0,0.0,0.0,0.0,0.0,0.0,0.0,2026-10-07
接近,0,6712,長聖,上櫃,161.5,158.825,True,39.40556322798626,50.912966808663484,54.65192334595679,310352.8,218240.85,275907.0,1.4220655757160037,1.3625480102292613,1.265412608149416,0.09713540207984539,0.09667331491256403,0.22252516211931384,否,否,否,否,否,否,否,0.0,0.0,0.0,0.0,0.0,0.0,0.0,0.0,0.0,0.0,0.0,0.0,2026-10-07
接近,0,9908,大台北,上市,29.049999237060547,29.000000095367433,True,46.9388847838963,29.664851834247834,51.298705243040885,148031.4,111198.75,120593.225,1.3312325902944053,-0.0207704623064906,-0.03528257649833952,0.014512114191848918,0.011578264529146474,0.0014040236311286466,否,否,否,否,否,否,否,10.0,0.0,0.0,10.0,-65.428,0.0,0.0,-65.428,-303.68199999999996,0.0,34.217,-269.465,2026-10-07
